Country Name,Country Code_x,Indicator Name,Indicator Code,1990,1991,1992,1993,1994,1995,1996,1997,1998,1999,2000,2001,2002,2003,2004,2005,2006,2007,2008,2009,2010,2011,2012,2013,2014,Region,Income Group
Aruba,ABW,Energy use (kg of oil equivalent per capita),EG.USE.PCAP.KG.OE,,,,,,,,,,,,,,,,,,,,,,,,,,Latin America & Caribbean,High income
Afghanistan,AFG,Energy use (kg of oil equivalent per capita),EG.USE.PCAP.KG.OE,,,,,,,,,,,,,,,,,,,,,,,,,,South Asia,Low income
Angola,AGO,Energy use (kg of oil equivalent per capita),EG.USE.PCAP.KG.OE,483.3573938,479.871503,467.1091801,468.0537528,459.4536308,445.3262087,445.3476721,442.781325,429.832644,438.8703257,437.337646,442.0003785,446.903822,465.5403074,462.1575455,430.9350672,456.2469133,469.6202015,490.5364205,514.4113538,520.6751162,521.825839,552.6229322,534.119063,545.0404908,Sub-Saharan Africa,Lower middle income
Albania,ALB,Energy use (kg of oil equivalent per capita),EG.USE.PCAP.KG.OE,813.2556955,572.781844,418.2866298,412.3788805,441.2492954,417.034843,447.8488703,384.5949583,426.6828191,576.1836323,580.4947642,597.2652527,660.0479841,648.1683871,715.4144831,719.5843781,706.8594077,679.8617651,710.7484985,732.3166818,729.1543727,764.9686166,687.8962599,801.329975,808.4558396,Europe & Central Asia,Upper middle income
Andorra,AND,Energy use (kg of oil equivalent per capita),EG.USE.PCAP.KG.OE,,,,,,,,,,,,,,,,,,,,,,,,,,Europe & Central Asia,High income
United Arab Emirates,ARE,Energy use (kg of oil equivalent per capita),EG.USE.PCAP.KG.OE,10979.65405,11922.62539,10714.332,10652.13135,11188.16191,11305.33114,11368.97652,11435.91135,11125.36569,10789.94914,9991.423568,12087.10439,11369.47798,10484.09458,10238.10089,9716.633818,8812.966422,8295.734644,8604.064414,7820.254845,7458.879459,7418.413775,7683.884405,7766.665375,7769.234738,Middle East & North Africa,High income
Argentina,ARG,Energy use (kg of oil equivalent per capita),EG.USE.PCAP.KG.OE,1407.38675,1430.514982,1483.779437,1468.220775,1541.657524,1544.355772,1582.138202,1613.918988,1650.343735,1659.992827,1661.117041,1562.68636,1502.037194,1589.545082,1717.650525,1709.572352,1840.440442,1845.098116,1923.139812,1850.861533,1908.28056,1933.523032,1920.080959,1951.439454,2015.18704,Latin America & Caribbean,High income
Armenia,ARM,Energy use (kg of oil equivalent per capita),EG.USE.PCAP.KG.OE,2178.547354,2317.918745,1199.774893,651.9387779,419.8223933,511.1731982,562.1619745,594.2502057,609.996706,593.5422175,656.3095764,657.4801149,618.4712269,656.5090665,698.1092524,842.7003491,864.8267703,972.6530963,1032.957961,903.5465128,863.0283622,944.3545496,1030.768008,1002.368059,1018.07124,Europe & Central Asia,Upper middle income
American Samoa,ASM,Energy use (kg of oil equivalent per capita),EG.USE.PCAP.KG.OE,,,,,,,,,,,,,,,,,,,,,,,,,,East Asia & Pacific,Upper middle income
Antigua and Barbuda,ATG,Energy use (kg of oil equivalent per capita),EG.USE.PCAP.KG.OE,1481.760705,,,,,,,,,,,,,,1529.623713,1534.96241,1583.592651,1597.706307,,,,,,,,Latin America & Caribbean,High income
Australia,AUS,Energy use (kg of oil equivalent per capita),EG.USE.PCAP.KG.OE,5061.508459,4927.78159,4959.214919,5147.53665,5089.788967,5129.223661,5393.580635,5469.599989,5553.653466,5610.344711,5644.064951,5446.973214,5569.640992,5568.764941,5598.088178,5564.087169,5709.344668,5868.347097,5964.665776,5862.551944,5793.116026,5745.23219,5573.078304,5464.192602,5328.223992,East Asia & Pacific,High income
Austria,AUT,Energy use (kg of oil equivalent per capita),EG.USE.PCAP.KG.OE,3240.111359,3415.173082,3245.592076,3255.784704,3234.492985,3373.603565,3580.420798,3550.404171,3606.610379,3591.809466,3570.498826,3758.457569,3773.651728,3973.624327,4007.569904,4085.567651,4078.812226,4019.59017,4032.148426,3798.151168,4051.19602,3921.900515,3886.767732,3919.044419,3763.327903,Europe & Central Asia,High income
Azerbaijan,AZE,Energy use (kg of oil equivalent per capita),EG.USE.PCAP.KG.OE,3165.494902,3087.874708,2464.597399,2175.284456,1947.691984,1809.154327,1513.673193,1444.319459,1485.153418,1369.111898,1403.433268,1410.965455,1414.528111,1476.590884,1539.230121,1599.960676,1559.568746,1411.55734,1520.313919,1334.166178,1279.552594,1369.350999,1472.897391,1474.003433,1502.078168,Europe & Central Asia,Upper middle income
Burundi,BDI,Energy use (kg of oil equivalent per capita),EG.USE.PCAP.KG.OE,,,,,,,,,,,,,,,,,,,,,,,,,,Sub-Saharan Africa,Low income
Belgium,BEL,Energy use (kg of oil equivalent per capita),EG.USE.PCAP.KG.OE,4809.867268,5006.004706,5040.67044,4902.269974,5186.186627,5267.670671,5536.471275,5523.459164,5603.160264,5612.714676,5669.358176,5634.215487,5390.719733,5590.025976,5592.98875,5555.615784,5470.491824,5336.963212,5454.667159,5196.581983,5539.472223,5087.946462,4836.207701,4987.001665,4708.221218,Europe & Central Asia,High income
Benin,BEN,Energy use (kg of oil equivalent per capita),EG.USE.PCAP.KG.OE,333.6981691,327.5398247,324.147385,320.3536624,316.2935624,312.7613005,352.9201827,355.2383383,340.2016764,344.5618597,288.7684459,297.9547201,310.0397319,317.1983983,321.355318,313.1063081,358.8985427,379.2278248,376.8596822,384.4471803,397.1363346,396.7723878,399.6801368,406.2537764,416.7957653,Sub-Saharan Africa,Low income
Burkina Faso,BFA,Energy use (kg of oil equivalent per capita),EG.USE.PCAP.KG.OE,,,,,,,,,,,,,,,,,,,,,,,,,,Sub-Saharan Africa,Low income
Bangladesh,BGD,Energy use (kg of oil equivalent per capita),EG.USE.PCAP.KG.OE,119.9545805,115.477325,119.15375,123.0689467,125.7874922,133.9446139,131.8906722,134.903763,137.7494292,136.7841763,138.7883454,148.9587133,149.7331122,155.0327858,155.3449513,158.9185389,168.001385,173.4069409,179.9679144,187.2600424,200.5458238,205.6670193,213.3035485,215.282959,222.2209592,South Asia,Lower middle income
Bulgaria,BGR,Energy use (kg of oil equivalent per capita),EG.USE.PCAP.KG.OE,3237.35265,2536.644005,2396.007266,2590.011252,2519.859145,2746.667734,2745.710003,2504.12268,2425.946246,2230.660301,2277.367967,2421.145361,2410.969355,2490.416673,2440.69816,2597.896167,2691.460438,2666.111445,2648.867056,2351.655053,2416.703907,2617.127869,2513.352381,2329.122801,2477.655401,Europe & Central Asia,Upper middle income
Bahrain,BHR,Energy use (kg of oil equivalent per capita),EG.USE.PCAP.KG.OE,10555.27079,10108.35385,10837.7268,11142.36134,11555.53615,11408.51944,11109.67083,12181.22132,12406.71042,11851.5266,11988.72127,11738.14599,11548.54941,11566.50028,10894.96269,11675.40667,11604.24931,11234.22155,11318.77551,10339.60097,10207.85148,9911.796343,9657.568698,10416.78989,10593.99714,Middle East & North Africa,High income
"Bahamas, The",BHS,Energy use (kg of oil equivalent per capita),EG.USE.PCAP.KG.OE,2517.466696,,,,,,,,,,,,,,2058.748752,2113.901637,2102.254117,2071.113085,,,,,,,,Latin America & Caribbean,High income
Bosnia and Herzegovina,BIH,Energy use (kg of oil equivalent per capita),EG.USE.PCAP.KG.OE,1572.24569,1444.920776,1049.475674,906.6687639,363.4157682,388.7356805,461.6554218,718.040385,892.8954522,881.5512043,1153.854323,1113.712465,1166.96775,1163.990869,1271.830993,1332.787787,1402.325671,1405.428193,1583.999252,1659.513885,1741.316692,1937.059773,1832.143797,1790.292868,2194.055976,Europe & Central Asia,Upper middle income
Belarus,BLR,Energy use (kg of oil equivalent per capita),EG.USE.PCAP.KG.OE,4465.375012,4348.467922,3620.731989,3076.700752,2615.739317,2427.669413,2501.348819,2505.604626,2466.16516,2411.568947,2462.411056,2485.565111,2550.108823,2643.687513,2752.759003,2768.821539,2965.377967,2917.907033,2932.103273,2790.137339,2900.042284,3097.656624,3222.44927,2881.507357,2928.520216,Europe & Central Asia,Upper middle income
Belize,BLZ,Energy use (kg of oil equivalent per capita),EG.USE.PCAP.KG.OE,566.3389353,,,,,,,,,,,,,,561.4131675,568.3482951,591.5796208,596.5007523,,,,,,,,Latin America & Caribbean,Upper middle income
Bermuda,BMU,Energy use (kg of oil equivalent per capita),EG.USE.PCAP.KG.OE,,,,,,,,,,,,,,,,,,,,,,,,,,North America,High income
Bolivia,BOL,Energy use (kg of oil equivalent per capita),EG.USE.PCAP.KG.OE,380.7610989,384.8647719,399.6881812,418.9605881,452.1568742,497.503672,524.4336758,560.8141682,555.9016697,535.8487504,588.1775816,449.1926263,528.7358819,539.9022975,531.0778935,569.2204043,700.3116553,561.0160903,586.8207384,601.30859,644.4985916,669.8197313,757.9979459,750.2837428,788.8043534,Latin America & Caribbean,Lower middle income
Brazil,BRA,Energy use (kg of oil equivalent per capita),EG.USE.PCAP.KG.OE,938.7675483,940.0013727,933.9005938,941.624461,975.3157574,992.5945404,1028.801745,1064.048038,1072.764068,1080.641098,1069.337465,1072.917289,1086.6367,1090.388978,1136.968243,1152.016339,1178.850905,1232.601682,1288.117286,1233.753632,1351.028896,1359.122359,1404.755271,1451.167804,1484.926638,Latin America & Caribbean,Upper middle income
Barbados,BRB,Energy use (kg of oil equivalent per capita),EG.USE.PCAP.KG.OE,1236.63776,,,,,,,,,,,,,,1373.168651,1423.310913,1447.067507,1452.109361,,,,,,,,Latin America & Caribbean,High income
Brunei Darussalam,BRN,Energy use (kg of oil equivalent per capita),EG.USE.PCAP.KG.OE,6673.060649,7333.502332,7664.064125,7173.834343,6477.495898,7560.78562,7423.536014,7486.600991,7287.254638,7269.273558,7155.500074,6491.139814,6219.634615,7088.321934,6388.214384,6073.836531,8511.873059,8609.084895,9341.203211,7928.681613,8337.151561,9829.333042,9581.151125,7498.245078,8632.325651,East Asia & Pacific,High income
Bhutan,BTN,Energy use (kg of oil equivalent per capita),EG.USE.PCAP.KG.OE,104.1820801,,,,,,,,,,,,,,281.1261288,310.6729877,313.8815997,355.1891091,,,,,,,,South Asia,Lower middle income
Botswana,BWA,Energy use (kg of oil equivalent per capita),EG.USE.PCAP.KG.OE,884.1587852,875.8317563,982.1943863,959.5268058,922.0949458,922.3966187,880.2968717,904.6869418,1001.671633,1016.000122,1038.75337,1035.001296,1036.576247,1019.269106,988.6537694,1005.684182,1023.69552,1041.294098,1083.869764,993.8713519,1068.977788,1008.742095,1123.232734,1166.029052,1252.679988,Sub-Saharan Africa,Upper middle income
Central African Republic,CAF,Energy use (kg of oil equivalent per capita),EG.USE.PCAP.KG.OE,,,,,,,,,,,,,,,,,,,,,,,,,,Sub-Saharan Africa,Low income
Canada,CAN,Energy use (kg of oil equivalent per capita),EG.USE.PCAP.KG.OE,7602.674931,7481.503838,7562.148126,7730.486647,7926.839246,7965.846767,8036.713321,8034.414784,7924.030924,8081.486957,8242.524659,8040.538899,7993.389739,8332.923854,8441.184873,8404.245915,8240.11562,8213.663506,8195.212306,7797.196259,7788.472606,7910.75935,7725.328308,7728.434071,7876.094108,North America,High income
Switzerland,CHE,Energy use (kg of oil equivalent per capita),EG.USE.PCAP.KG.OE,3627.692811,3637.19412,3613.284329,3490.886554,3494.447149,3421.651041,3473.206304,3525.891301,3557.990076,3547.37289,3480.591572,3673.292573,3553.740257,3542.065603,3530.578345,3488.218348,3619.151639,3410.819883,3499.790982,3481.852845,3347.618356,3205.328271,3202.834337,3304.115438,3059.936749,Europe & Central Asia,High income
Channel Islands,CHI,Energy use (kg of oil equivalent per capita),EG.USE.PCAP.KG.OE,,,,,,,,,,,,,,,,,,,,,,,,,,Europe & Central Asia,High income
Chile,CHL,Energy use (kg of oil equivalent per capita),EG.USE.PCAP.KG.OE,1057.938027,1064.486012,1133.116349,1143.587529,1211.330622,1282.944499,1401.314652,1548.096389,1582.225219,1660.009928,1648.965514,1599.057467,1636.466226,1635.069232,1722.289492,1756.598104,1809.060802,1856.830838,1820.253666,1754.223343,1815.275901,1959.358801,2149.491448,2215.800429,2049.688829,Latin America & Caribbean,High income
China,CHN,Energy use (kg of oil equivalent per capita),EG.USE.PCAP.KG.OE,766.9953294,736.8518014,752.6286625,788.1287236,816.16289,866.8343743,881.6537374,871.7563238,869.3586073,878.5245355,898.9873131,928.8114337,984.8107146,1118.431773,1268.132904,1393.691324,1515.173678,1630.171029,1672.90412,1778.433519,1954.722556,2086.486904,2155.164788,2213.759327,2236.729908,East Asia & Pacific,Upper middle income
Cameroon,CMR,Energy use (kg of oil equivalent per capita),EG.USE.PCAP.KG.OE,425.1606756,416.9873977,409.6933894,412.2548051,415.145778,411.374004,410.8087242,411.9778845,413.4022145,406.3047467,413.0916156,407.3618388,406.3051488,411.8348254,413.5154493,404.9495445,375.5975146,344.6361477,338.2447397,355.7958787,348.8546478,327.1992564,328.437587,336.0035907,341.8626717,Sub-Saharan Africa,Lower middle income
"Congo, Dem. Rep.",COD,Energy use (kg of oil equivalent per capita),EG.USE.PCAP.KG.OE,340.8487597,328.9062386,322.084471,315.9467466,305.7492283,308.5832291,310.3064576,308.1272876,308.5583357,302.6800103,295.4088427,297.0128448,298.4435713,300.2105486,302.5005724,304.3472655,305.8663077,306.8263273,307.846518,306.7412003,307.6133487,315.9632511,379.1481403,385.4002227,389.5673879,Sub-Saharan Africa,Low income
"Congo, Rep.",COG,Energy use (kg of oil equivalent per capita),EG.USE.PCAP.KG.OE,322.599005,327.7961473,315.115239,308.5224997,258.8517086,287.4375503,263.3388464,244.9142101,238.21394,227.9354561,220.0657402,239.9856928,235.2561356,270.0747662,278.6007474,292.283748,369.1895486,316.8682219,327.601335,361.9137826,382.2638147,494.7654746,552.2794135,552.4870285,539.5316172,Sub-Saharan Africa,Lower middle income
Colombia,COL,Energy use (kg of oil equivalent per capita),EG.USE.PCAP.KG.OE,706.7843269,701.2890025,704.3548183,723.8384416,736.6057204,737.1056021,743.0337398,709.8216655,732.1954836,645.1744895,638.885824,627.1794158,606.2667498,610.4943019,608.5252039,625.6974543,649.3761868,637.511839,659.6119501,676.0442715,679.5304257,673.4314089,672.8682491,710.8577721,711.5831798,Latin America & Caribbean,Upper middle income
Comoros,COM,Energy use (kg of oil equivalent per capita),EG.USE.PCAP.KG.OE,43.36015552,,,,,,,,,,,,,,56.9296818,60.49438628,67.04713254,63.90075122,,,,,,,,Sub-Saharan Africa,Low income
Cabo Verde,CPV,Energy use (kg of oil equivalent per capita),EG.USE.PCAP.KG.OE,84.95924629,,,,,,,,,,,,,,190.3075712,208.6112182,212.1486288,211.743326,,,,,,,,Sub-Saharan Africa,Lower middle income
Costa Rica,CRI,Energy use (kg of oil equivalent per capita),EG.USE.PCAP.KG.OE,541.8073996,560.4788187,705.4870258,701.8674626,674.4136218,671.4878069,658.2569955,651.0534998,632.7642631,683.0221349,732.0406894,723.2672254,748.4763256,791.1248043,923.5660149,910.0460681,970.7370554,1031.807755,1035.296922,1016.184658,1022.180592,1011.850953,1016.805748,1029.01049,1031.141495,Latin America & Caribbean,Upper middle income
Cuba,CUB,Energy use (kg of oil equivalent per capita),EG.USE.PCAP.KG.OE,1645.064142,1350.827606,1175.85234,976.6097978,1001.235694,995.8989709,1082.022536,1106.34863,1032.407977,1069.671442,1142.289352,1112.485252,1033.724199,1026.135883,1000.961752,945.5317955,943.0465891,897.1440911,952.0419277,1008.401214,1089.10072,1022.088041,1053.639709,1010.566267,1022.668906,Latin America & Caribbean,Upper middle income
Cayman Islands,CYM,Energy use (kg of oil equivalent per capita),EG.USE.PCAP.KG.OE,,,,,,,,,,,,,,,,,,,,,,,,,,Latin America & Caribbean,High income
Cyprus,CYP,Energy use (kg of oil equivalent per capita),EG.USE.PCAP.KG.OE,1780.703196,1778.897219,1958.800113,2056.481152,2298.322801,1981.394321,2157.549091,2071.928384,2174.776385,2145.320447,2265.416851,2201.681381,2193.67716,2346.799347,2161.633396,2159.602708,2207.924561,2292.226655,2388.589477,2299.81076,2195.347504,2105.25277,1961.784466,1687.785428,1712.124092,Europe & Central Asia,High income
Czech Republic,CZE,Energy use (kg of oil equivalent per capita),EG.USE.PCAP.KG.OE,4796.941458,4349.236238,4222.416576,4089.408515,3963.314094,4019.804879,4152.938259,4184.884684,4057.405827,3782.889207,3988.038494,4111.152482,4163.450106,4357.572662,4460.259931,4400.878113,4491.516134,4468.960352,4330.712691,4034.74351,4237.896741,4077.356059,4054.085018,3989.991414,3915.113582,Europe & Central Asia,High income
Germany,DEU,Energy use (kg of oil equivalent per capita),EG.USE.PCAP.KG.OE,4421.364531,4302.891175,4190.98422,4122.69574,4088.79813,4119.688948,4246.553191,4203.357367,4177.294129,4079.933344,4094.06036,4209.796087,4108.401299,4084.503346,4114.389928,4086.503407,4204.654689,3985.811955,4036.830781,3790.501152,3997.079421,3869.816229,3876.948104,3939.529563,3779.461921,Europe & Central Asia,High income
Djibouti,DJI,Energy use (kg of oil equivalent per capita),EG.USE.PCAP.KG.OE,220.2863966,,,,,,,,,,,,,,172.5587478,177.4647815,179.6013102,176.673643,,,,,,,,Middle East & North Africa,Lower middle income
Dominica,DMA,Energy use (kg of oil equivalent per capita),EG.USE.PCAP.KG.OE,298.5025802,,,,,,,,,,,,,,554.1425709,580.5145341,593.1616931,606.0606061,,,,,,,,Latin America & Caribbean,Upper middle income
Denmark,DNK,Energy use (kg of oil equivalent per capita),EG.USE.PCAP.KG.OE,3376.783307,3734.818398,3561.890369,3645.515346,3760.577237,3706.440187,4170.252024,3848.155844,3772.110277,3602.670638,3489.614796,3583.955723,3535.098014,3727.834179,3597.17296,3487.631914,3728.171039,3622.596833,3501.513847,3329.211067,3510.79685,3230.188031,3091.58158,3125.33776,2872.573547,Europe & Central Asia,High income
Dominican Republic,DOM,Energy use (kg of oil equivalent per capita),EG.USE.PCAP.KG.OE,558.8846445,552.4289951,600.900496,571.4694871,644.4148704,664.8650231,682.1374914,748.6542491,778.5286948,797.021086,843.1627602,805.0811268,841.2714264,784.2144527,698.7314509,748.5467492,763.916636,766.0743451,757.6793282,733.5581,760.7701972,764.8009718,797.4015628,742.472058,734.4078962,Latin America & Caribbean,Upper middle income
Algeria,DZA,Energy use (kg of oil equivalent per capita),EG.USE.PCAP.KG.OE,856.1588758,883.7253617,883.7402571,867.5753004,819.2650281,838.7687879,798.1448359,804.8663494,820.6475782,863.7872094,865.665961,856.2127437,904.3246883,948.9594863,948.2381886,973.8789478,1027.736466,1073.999661,1069.200216,1149.374185,1109.892461,1135.74446,1223.591791,1241.038357,1321.099494,Middle East & North Africa,Upper middle income
Ecuador,ECU,Energy use (kg of oil equivalent per capita),EG.USE.PCAP.KG.OE,619.492232,636.0042405,629.2209537,573.4876409,600.2874654,687.9602202,709.538058,721.6874677,726.9799904,641.723469,698.0762549,727.860058,698.3952797,697.1796971,662.3376614,679.8225411,671.493283,746.9489357,676.5870948,792.5427847,788.0642317,821.168247,797.9498389,846.4532271,891.6886204,Latin America & Caribbean,Upper middle income
"Egypt, Arab Rep.",EGY,Energy use (kg of oil equivalent per capita),EG.USE.PCAP.KG.OE,561.7428103,549.2365672,551.5418901,560.3487757,528.5536639,551.3367735,574.1954194,587.0087273,617.5315002,619.8348211,580.604826,639.9419096,647.7377265,659.7785579,699.9301119,800.698282,831.0911489,874.7954496,892.8210496,896.785585,862.5107342,886.313268,891.2415468,835.3735486,814.9880595,Middle East & North Africa,Lower middle income
Eritrea,ERI,Energy use (kg of oil equivalent per capita),EG.USE.PCAP.KG.OE,,,281.3224087,297.2091098,307.9253125,322.86494,336.0573281,329.1862654,209.8303994,212.4231171,208.6450104,212.0962825,207.0535951,214.3999957,192.7034592,191.9769857,170.6948819,172.609606,159.3451457,167.4587167,168.7155533,169.7554467,,,,Sub-Saharan Africa,Low income
Spain,ESP,Energy use (kg of oil equivalent per capita),EG.USE.PCAP.KG.OE,2317.476774,2397.714173,2430.374523,2318.982989,2436.012362,2537.07268,2489.340422,2634.649128,2756.218907,2877.982414,3003.761672,3060.881809,3107.867341,3157.227264,3238.502447,3251.397133,3194.081246,3180.03342,3026.338408,2757.691412,2742.877182,2689.684337,2683.367935,2512.105919,2464.641291,Europe & Central Asia,High income
Estonia,EST,Energy use (kg of oil equivalent per capita),EG.USE.PCAP.KG.OE,6232.731998,5841.390649,4283.158664,3639.269192,3752.387328,3624.431136,4043.289955,4010.915768,3695.170673,3462.766968,3374.70839,3541.512051,3415.780621,3798.038257,3893.395472,3846.392943,3775.035083,4243.648,4105.417736,3648.978843,4222.73719,4237.729191,4174.387766,4623.279112,4592.616457,Europe & Central Asia,High income
Ethiopia,ETH,Energy use (kg of oil equivalent per capita),EG.USE.PCAP.KG.OE,476.9244251,476.1016134,470.4548123,472.873495,474.4062645,475.8434322,476.7061186,475.7109343,476.0961415,475.4754382,476.2457634,480.0611695,480.2572562,481.5455463,482.1302093,480.5092225,481.721726,483.6422493,485.1888129,485.6928927,486.34232,489.6818049,490.6903769,494.728454,496.8146013,Sub-Saharan Africa,Low income
Finland,FIN,Energy use (kg of oil equivalent per capita),EG.USE.PCAP.KG.OE,5691.571186,5742.784229,5380.993068,5617.215378,5972.554273,5661.903876,6070.212094,6276.951692,6319.326601,6283.958258,6262.192079,6410.625234,6728.581405,7077.026649,7134.854209,6562.022311,7111.856822,6974.896761,6669.173348,6268.300545,6828.783753,6537.637298,6275.770964,6116.227294,6213.357766,Europe & Central Asia,High income
Fiji,FJI,Energy use (kg of oil equivalent per capita),EG.USE.PCAP.KG.OE,392.2525624,,,,,,,,,,,,,,813.8287343,703.3195955,675.6013638,627.6862335,,,,,,,,East Asia & Pacific,Upper middle income
France,FRA,Energy use (kg of oil equivalent per capita),EG.USE.PCAP.KG.OE,3828.40926,4043.099021,3954.003194,4001.901525,3836.112351,3981.352509,4191.923833,4049.232508,4151.627195,4123.526271,4135.477644,4246.004942,4225.467969,4270.949456,4301.737225,4287.157413,4188.84293,4115.52724,4110.585339,3913.457397,4016.847947,3847.073024,3836.65776,3833.535711,3658.865709,Europe & Central Asia,High income
Faroe Islands,FRO,Energy use (kg of oil equivalent per capita),EG.USE.PCAP.KG.OE,,,,,,,,,,,,,,,,,,,,,,,,,,Europe & Central Asia,High income
"Micronesia, Fed. Sts.",FSM,Energy use (kg of oil equivalent per capita),EG.USE.PCAP.KG.OE,,,,,,,,,,,,,,,,,,,,,,,,,,East Asia & Pacific,Lower middle income
Gabon,GAB,Energy use (kg of oil equivalent per capita),EG.USE.PCAP.KG.OE,1240.695349,1247.108277,1297.995573,1337.629326,1155.283598,1234.832254,1253.661151,1237.655866,1284.042164,1219.102195,1194.543676,1250.668048,1472.24718,1686.852951,1905.927628,2140.7101,2338.376323,2526.955203,2691.666488,2851.200627,3098.421544,2411.372099,2064.22069,2913.542889,2705.823332,Sub-Saharan Africa,Upper middle income
United Kingdom,GBR,Energy use (kg of oil equivalent per capita),EG.USE.PCAP.KG.OE,3597.051621,3707.951971,3684.724535,3713.185819,3732.521114,3728.963152,3879.822786,3760.712365,3787.108452,3784.074088,3785.753126,3784.928174,3685.869487,3731.609718,3694.478595,3686.359905,3598.810406,3441.640219,3361.980517,3145.585662,3230.615984,2972.14799,3042.855811,2987.702778,2776.844098,Europe & Central Asia,High income
Georgia,GEO,Energy use (kg of oil equivalent per capita),EG.USE.PCAP.KG.OE,2585.263224,2079.052503,1776.767826,1548.32339,963.6385141,786.9537389,811.5476268,725.5223321,677.3362601,624.9365525,649.3823416,585.9948933,583.8739959,628.9904673,655.0068316,677.9312649,732.9574468,818.5509554,745.548139,778.1606335,795.2860418,914.6753548,968.7662745,1032.146186,1177.870405,Europe & Central Asia,Lower middle income
Ghana,GHA,Energy use (kg of oil equivalent per capita),EG.USE.PCAP.KG.OE,361.6994092,364.0474021,366.7045098,373.7787197,378.6039879,386.1040387,389.5590427,397.3222044,409.9971979,415.6501933,331.4031825,325.2378987,315.1132057,290.5427367,282.9041915,273.1964786,283.5336453,276.2269357,269.1487572,284.1161318,302.1745502,314.7268213,332.5276379,339.8061455,335.0505291,Sub-Saharan Africa,Lower middle income
Gibraltar,GIB,Energy use (kg of oil equivalent per capita),EG.USE.PCAP.KG.OE,1972.87752,2590.716144,3123.625719,3130.169125,3576.082957,3478.687763,3516.720427,3624.46885,3795.363787,3933.335484,4100.35279,4171.830178,4211.862795,4280.863808,4579.382995,4705.127006,4860.632896,4824.823131,4879.659049,5218.139337,5212.148603,5027.031881,5111.76873,5434.069345,5759.004642,Europe & Central Asia,High income
Guinea,GIN,Energy use (kg of oil equivalent per capita),EG.USE.PCAP.KG.OE,,,,,,,,,,,,,,,,,,,,,,,,,,Sub-Saharan Africa,Low income
"Gambia, The",GMB,Energy use (kg of oil equivalent per capita),EG.USE.PCAP.KG.OE,67.39851856,,,,,,,,,,,,,,77.22156798,74.78167904,76.45767565,86.41323981,,,,,,,,Sub-Saharan Africa,Low income
Guinea-Bissau,GNB,Energy use (kg of oil equivalent per capita),EG.USE.PCAP.KG.OE,73.72922116,,,,,,,,,,,,,,63.68742803,63.00521857,63.70919161,65.70038687,,,,,,,,Sub-Saharan Africa,Low income
Equatorial Guinea,GNQ,Energy use (kg of oil equivalent per capita),EG.USE.PCAP.KG.OE,,,,,,,,,,,,,,,1051.299845,1649.243316,1897.207457,2120.996905,,,,,,,,Sub-Saharan Africa,Upper middle income
Greece,GRC,Energy use (kg of oil equivalent per capita),EG.USE.PCAP.KG.OE,2102.677685,2094.621503,2129.894516,2090.762365,2138.251953,2147.136479,2206.103895,2282.137035,2389.793153,2390.082866,2506.639948,2578.112105,2597.748289,2666.453637,2711.46679,2753.051201,2742.629961,2734.755835,2745.493459,2649.661201,2482.110116,2407.762736,2403.230472,2128.010669,2123.897891,Europe & Central Asia,High income
Grenada,GRD,Energy use (kg of oil equivalent per capita),EG.USE.PCAP.KG.OE,441.141188,,,,,,,,,,,,,,720.8541147,767.3702513,784.435255,781.958952,,,,,,,,Latin America & Caribbean,Upper middle income
Greenland,GRL,Energy use (kg of oil equivalent per capita),EG.USE.PCAP.KG.OE,,,,,,,,,,,,,,,,,,,,,,,,,,Europe & Central Asia,High income
Guatemala,GTM,Energy use (kg of oil equivalent per capita),EG.USE.PCAP.KG.OE,476.1671031,478.2875527,492.7629725,479.7604152,493.9601154,511.1580557,513.6372167,525.559915,558.9142175,600.2719017,604.3157934,602.7945116,593.5431418,602.614396,606.2475946,595.590434,591.3131499,621.2752055,582.3998887,654.0332468,696.79463,729.1484421,725.0535261,772.3026242,830.0945159,Latin America & Caribbean,Upper middle income
Guam,GUM,Energy use (kg of oil equivalent per capita),EG.USE.PCAP.KG.OE,,,,,,,,,,,,,,,,,,,,,,,,,,East Asia & Pacific,High income
Guyana,GUY,Energy use (kg of oil equivalent per capita),EG.USE.PCAP.KG.OE,514.033706,,,,,,,,,,,,,,637.2629887,659.1685687,667.0215221,668.5662863,,,,,,,,Latin America & Caribbean,Upper middle income
"Hong Kong SAR, China",HKG,Energy use (kg of oil equivalent per capita),EG.USE.PCAP.KG.OE,1510.633886,1554.12274,1831.054737,1784.393493,1761.478112,1719.897825,1621.487219,1546.681614,2002.523802,2431.88254,2039.054164,2109.680384,1949.172758,2009.218369,1872.470259,1844.490401,1932.909685,2058.597516,2006.298543,2107.366338,1946.646166,2087.211664,1994.715598,1943.845436,1970.484128,East Asia & Pacific,High income
Honduras,HND,Energy use (kg of oil equivalent per capita),EG.USE.PCAP.KG.OE,480.2053466,470.6729535,477.0469199,473.93488,478.3607753,494.6510374,483.2055153,513.7302405,537.0386042,459.8945042,458.4359691,481.9362919,489.0039671,518.6609099,545.8229441,557.4034066,529.5576183,608.4232013,590.8299332,554.6794464,556.9468752,605.8998276,602.4872185,600.5573019,607.8646499,Latin America & Caribbean,Lower middle income
Croatia,HRV,Energy use (kg of oil equivalent per capita),EG.USE.PCAP.KG.OE,1980.098326,1811.534812,1673.259955,1666.030819,1629.831828,1674.411009,1795.659991,1866.664479,1958.89469,1912.81928,1894.743561,1960.546622,2016.981532,2163.808559,2163.357964,2194.35457,2183.136036,2272.140893,2215.901291,2145.362534,2124.919275,2140.436133,2020.752383,1983.867947,1897.840665,Europe & Central Asia,High income
Haiti,HTI,Energy use (kg of oil equivalent per capita),EG.USE.PCAP.KG.OE,219.7930851,215.1461933,219.0754673,207.6590439,187.1617795,216.526855,243.999883,252.4631867,248.1680958,247.1059795,235.1446919,236.288659,261.374509,247.0832899,250.8716246,367.697015,372.7259713,384.5165514,383.5197195,383.2345296,379.6718414,387.3707326,395.7791706,392.8485428,392.8011686,Latin America & Caribbean,Low income
Hungary,HUN,Energy use (kg of oil equivalent per capita),EG.USE.PCAP.KG.OE,2774.492028,2642.922571,2423.179448,2481.448412,2406.688352,2503.077801,2572.974361,2527.301626,2502.204047,2490.712604,2448.140338,2512.67485,2520.152466,2580.207496,2579.291721,2731.039703,2713.257084,2658.036373,2636.646773,2478.1017,2568.948991,2500.321359,2365.553697,2271.947205,2314.496434,Europe & Central Asia,High income
Indonesia,IDN,Energy use (kg of oil equivalent per capita),EG.USE.PCAP.KG.OE,543.704869,560.5153062,574.4847501,620.7103263,611.7072965,664.3573418,678.2716786,691.002222,666.3999537,688.3820119,735.8208629,742.6967785,759.6425519,751.3089447,789.9269918,792.9268815,800.5394421,785.9927772,790.7844196,843.4525271,874.5806371,831.5560284,851.7314336,863.0435104,883.910977,East Asia & Pacific,Lower middle income
Isle of Man,IMN,Energy use (kg of oil equivalent per capita),EG.USE.PCAP.KG.OE,,,,,,,,,,,,,,,,,,,,,,,,,,Europe & Central Asia,High income
India,IND,Energy use (kg of oil equivalent per capita),EG.USE.PCAP.KG.OE,351.340769,358.6618665,364.3951392,365.8344205,372.564551,386.4709924,390.8077708,398.7705197,400.8788435,416.3739694,418.6842801,417.3819934,422.6273282,425.6327906,441.0647829,451.1383065,467.5457576,486.5504816,503.0355807,546.1767267,563.1592957,579.4087432,600.4432348,606.8742801,637.4286299,South Asia,Lower middle income
Ireland,IRL,Energy use (kg of oil equivalent per capita),EG.USE.PCAP.KG.OE,2820.410168,2827.844498,2775.218003,2813.710465,2941.613242,2951.913093,3122.335609,3255.498451,3417.568527,3544.387616,3626.747161,3713.513869,3661.322241,3515.094503,3558.085941,3503.642864,3424.160852,3416.030946,3293.884635,3149.565141,3152.003605,2865.37474,2853.064865,2814.98269,2741.574884,Europe & Central Asia,High income
"Iran, Islamic Rep.",IRN,Energy use (kg of oil equivalent per capita),EG.USE.PCAP.KG.OE,1233.037063,1339.522209,1388.633199,1476.594533,1619.153614,1670.823491,1585.277461,1742.250719,1741.259734,1939.992862,1860.258205,1989.276715,2030.706557,2073.276315,2234.88176,2451.909807,2533.592239,2650.787952,2808.949736,2771.52776,2739.565881,2759.436238,2835.041276,2853.537137,3023.490439,Middle East & North Africa,Upper middle income
Iraq,IRQ,Energy use (kg of oil equivalent per capita),EG.USE.PCAP.KG.OE,1147.367638,889.2650304,1284.360539,1623.025548,1783.99845,1661.882762,1613.000988,1860.04355,1286.279334,964.1346532,1101.752428,1196.873211,1106.754244,989.6485145,991.8133069,978.5947911,900.3814439,893.8298687,944.2122656,1101.9858,1219.372447,1293.563666,1399.274988,1456.662804,1413.496256,Middle East & North Africa,Upper middle income
Iceland,ISL,Energy use (kg of oil equivalent per capita),EG.USE.PCAP.KG.OE,8907.791984,8054.356723,7755.394416,8249.536449,8293.412926,8255.768914,8847.785182,8584.100499,9036.654297,10038.31192,11091.54887,10589.46619,10804.64172,10731.32864,10524.2507,10524.8775,12734.00662,14746.03134,16353.83127,16911.07978,17023.16682,18157.5981,17630.07147,18178.13901,17916.12042,Europe & Central Asia,High income
Israel,ISR,Energy use (kg of oil equivalent per capita),EG.USE.PCAP.KG.OE,2460.465451,2324.539301,2580.969354,2634.674016,2738.399704,2796.251578,2801.208363,2881.128341,2885.726511,2737.736653,2899.426618,2973.042708,2862.795738,2949.300417,2821.996916,2661.449185,2882.399025,2898.153368,3129.127764,2873.876109,3042.434021,2980.176157,3067.742494,2870.098765,2762.505934,Middle East & North Africa,High income
Italy,ITA,Energy use (kg of oil equivalent per capita),EG.USE.PCAP.KG.OE,2583.888077,2645.673237,2627.340008,2611.990438,2578.465978,2799.375762,2796.154736,2834.402946,2912.947365,2957.311486,3012.195,3020.621195,3037.266965,3168.529021,3169.932642,3214.674121,3175.799871,3149.576553,3087.566331,2869.920712,2930.588524,2828.404891,2709.297728,2579.472543,2414.484002,Europe & Central Asia,High income
Jamaica,JAM,Energy use (kg of oil equivalent per capita),EG.USE.PCAP.KG.OE,1148.657189,1143.794075,1193.390261,1185.687617,1197.16647,1261.960874,1317.228033,1304.485379,1342.995833,1368.165633,1435.260518,1428.910826,1323.381733,1370.030204,1377.513076,1352.97611,1507.388202,1507.644659,1261.882097,1076.978134,949.1312327,1008.077772,974.8542059,1009.13491,981.3122382,Latin America & Caribbean,Upper middle income
Jordan,JOR,Energy use (kg of oil equivalent per capita),EG.USE.PCAP.KG.OE,919.5016433,901.5714414,958.0335961,898.8941458,918.4367986,940.6530292,935.7612301,933.0486084,946.1116595,926.8045079,953.4699292,927.5461049,956.9495004,958.5941527,1123.291895,1168.399949,1154.926703,1164.014964,1089.23989,1093.366393,988.9833328,932.8006825,982.1415457,918.4567736,928.520476,Middle East & North Africa,Upper middle income
Japan,JPN,Energy use (kg of oil equivalent per capita),EG.USE.PCAP.KG.OE,3551.161773,3575.246092,3649.944321,3664.568358,3850.962444,3935.994754,4008.476236,4041.16767,3955.627627,4011.224779,4083.831697,4008.268032,3991.977567,3953.184508,4078.210542,4062.979049,4053.883437,4012.654245,3858.434521,3678.511133,3893.266604,3610.812169,3537.36317,3567.629354,3470.763129,East Asia & Pacific,High income
Kazakhstan,KAZ,Energy use (kg of oil equivalent per capita),EG.USE.PCAP.KG.OE,4492.853071,4555.897511,4796.144252,4018.469398,3612.138067,3303.267667,2911.34437,2575.6706,2610.078626,2406.248924,2397.202335,2324.54767,2674.255674,2891.093028,3383.074452,3358.971122,4012.785075,4267.99306,4457.168113,3944.288267,4234.851064,4670.821234,4398.944408,4786.593036,4434.639121,Europe & Central Asia,Upper middle income
Kenya,KEN,Energy use (kg of oil equivalent per capita),EG.USE.PCAP.KG.OE,457.7252343,451.332152,448.654506,445.7364753,437.1610871,444.6854832,447.8109677,440.5252393,444.4660584,441.8898225,445.124706,439.0260632,432.9136239,430.5162672,440.4319142,443.9159219,450.3057726,447.6357385,450.8315739,464.4969367,472.0566203,468.9755809,462.097428,475.8829022,513.4264871,Sub-Saharan Africa,Lower middle income
Kyrgyz Republic,KGZ,Energy use (kg of oil equivalent per capita),EG.USE.PCAP.KG.OE,1704.814629,1520.614526,1102.747265,856.8944141,618.8666918,522.7973423,595.7127733,552.1797547,578.9148668,498.4081894,473.3792667,435.8761198,485.2886369,511.2523546,497.8686309,498.5427885,485.4189023,560.6182143,593.9464531,535.8168781,505.4022651,600.2852428,737.2264232,690.3176796,650.401508,Europe & Central Asia,Lower middle income
Cambodia,KHM,Energy use (kg of oil equivalent per capita),EG.USE.PCAP.KG.OE,,,,,,266.2640969,270.2012054,266.9053673,295.9356992,289.1756361,280.79893,276.5701647,316.1482925,320.1411579,259.4476911,258.9191377,254.5069427,254.3066515,251.3355238,360.581831,370.3497303,381.3350167,390.8853203,397.009737,416.9396606,East Asia & Pacific,Lower middle income
Kiribati,KIR,Energy use (kg of oil equivalent per capita),EG.USE.PCAP.KG.OE,98.2248108,,,,,,,,,,,,,,88.3567847,86.65041971,106.0895396,114.2133297,,,,,,,,East Asia & Pacific,Lower middle income
St. Kitts and Nevis,KNA,Energy use (kg of oil equivalent per capita),EG.USE.PCAP.KG.OE,528.9917716,,,,,,,,,,,,,,1584.290509,1625.146572,1605.364763,1667.235803,,,,,,,,Latin America & Caribbean,High income
"Korea, Rep.",KOR,Energy use (kg of oil equivalent per capita),EG.USE.PCAP.KG.OE,2167.339608,2306.643472,2534.341028,2814.188231,2958.40773,3210.132036,3454.854851,3726.157766,3377.635074,3708.705213,4002.671284,4033.318968,4170.476147,4233.487325,4332.667741,4364.219091,4412.527118,4564.98783,4629.777921,4649.765742,5045.487749,5216.587809,5248.519891,5231.67546,5289.275832,East Asia & Pacific,High income
Kuwait,KWT,Energy use (kg of oil equivalent per capita),EG.USE.PCAP.KG.OE,4338.508727,1322.225066,,,,9183.849263,8915.139667,8566.77961,9142.511271,9206.813669,9126.908761,9470.089672,9582.17781,10096.45349,10583.84403,11544.15553,10795.26875,10491.59147,10825.76517,11142.56073,10699.31686,10147.53446,10953.22445,9708.273017,8956.820315,Middle East & North Africa,High income
Lao PDR,LAO,Energy use (kg of oil equivalent per capita),EG.USE.PCAP.KG.OE,,,,,,,,,,,,,,,,,,,,,,,,,,East Asia & Pacific,Lower middle income
Lebanon,LBN,Energy use (kg of oil equivalent per capita),EG.USE.PCAP.KG.OE,722.8573564,878.6068618,868.4269465,1210.114677,1292.97831,1453.587632,1514.072147,1697.791229,1656.881242,1710.081206,1516.692084,1565.703204,1483.730868,1413.626878,1368.52902,1264.722393,1181.615833,1033.927849,1321.000222,1589.322033,1470.652211,1383.155841,1458.601653,1340.265787,1337.366032,Middle East & North Africa,Upper middle income
Liberia,LBR,Energy use (kg of oil equivalent per capita),EG.USE.PCAP.KG.OE,,,,,,,,,,,,,,,,,,,,,,,,,,Sub-Saharan Africa,Low income
Libya,LBY,Energy use (kg of oil equivalent per capita),EG.USE.PCAP.KG.OE,2517.101938,2493.07516,2423.624663,2460.349308,2720.995229,2826.195169,2950.194246,2951.234926,2942.058342,2859.847335,2955.26323,2997.342188,3068.157934,3107.054868,3144.408379,3068.18061,3055.246721,2798.527794,2940.381736,3152.83122,3369.032799,2209.889689,2782.748314,3133.488058,2880.14393,Middle East & North Africa,Upper middle income
St. Lucia,LCA,Energy use (kg of oil equivalent per capita),EG.USE.PCAP.KG.OE,404.6727214,,,,,,,,,,,,,,739.5948253,751.3102117,719.4375087,765.14753,,,,,,,,Latin America & Caribbean,Upper middle income
Liechtenstein,LIE,Energy use (kg of oil equivalent per capita),EG.USE.PCAP.KG.OE,,,,,,,,,,,,,,,,,,,,,,,,,,Europe & Central Asia,High income
Sri Lanka,LKA,Energy use (kg of oil equivalent per capita),EG.USE.PCAP.KG.OE,318.3077527,319.2531451,323.8785056,337.8749656,321.4120979,329.1010675,365.7780376,376.9289159,381.2336433,404.9545926,443.3240595,425.6042943,430.1164786,451.8241109,454.1492189,460.9911784,461.7421086,467.4434723,456.9667487,450.6108218,482.2805602,514.7851956,551.0207099,487.3784309,515.6847528,South Asia,Lower middle income
Lesotho,LSO,Energy use (kg of oil equivalent per capita),EG.USE.PCAP.KG.OE,,,,,,,,,,,,,,,14.47980274,16.92704393,9.665954778,9.584888566,,,,,,,,Sub-Saharan Africa,Lower middle income
Lithuania,LTU,Energy use (kg of oil equivalent per capita),EG.USE.PCAP.KG.OE,4344.17273,4601.700154,2978.411206,2472.217417,2220.420361,2401.120167,2610.041945,2490.347643,2633.261874,2259.656414,2037.619559,2384.742732,2574.353331,2709.24976,2779.195902,2662.800735,2666.013336,2927.241223,2975.911996,2770.832358,2275.760166,2412.480702,2468.998816,2356.645002,2387.275194,Europe & Central Asia,High income
Luxembourg,LUX,Energy use (kg of oil equivalent per capita),EG.USE.PCAP.KG.OE,8874.105015,9353.421189,9262.081979,9266.942575,8823.252466,7705.407158,7711.178707,7409.850995,7066.88486,7266.97253,7676.837039,7982.850348,8204.726845,8549.502912,9387.437104,9428.811286,9170.532565,8773.896703,8612.233705,7951.723944,8329.478275,8056.404301,7722.190204,7312.154005,6861.106667,Europe & Central Asia,High income
Latvia,LVA,Energy use (kg of oil equivalent per capita),EG.USE.PCAP.KG.OE,2949.284137,2791.674731,2335.409193,2058.649626,1893.963365,1849.585281,1839.983526,1821.351986,1796.18086,1663.91506,1618.460011,1759.160865,1763.257557,1889.954129,1961.104616,2022.56433,2113.710733,2179.813891,2106.363689,2055.824686,2148.653551,2066.637569,2170.585832,2156.16201,2176.843306,Europe & Central Asia,High income
"Macao SAR, China",MAC,Energy use (kg of oil equivalent per capita),EG.USE.PCAP.KG.OE,,,,,,,,,,,,,,,,,,,,,,,,,,East Asia & Pacific,High income
St. Martin (French part),MAF,Energy use (kg of oil equivalent per capita),EG.USE.PCAP.KG.OE,,,,,,,,,,,,,,,,,,,,,,,,,,Latin America & Caribbean,High income
Morocco,MAR,Energy use (kg of oil equivalent per capita),EG.USE.PCAP.KG.OE,306.2193558,315.9846314,328.8042174,335.4222712,353.4285085,344.889307,357.381737,363.5509233,365.9284032,384.4227127,381.9412047,400.2777139,402.2984194,396.0797464,464.6797961,486.3576211,489.0107811,498.5971092,511.6337686,508.9911981,527.0243831,560.1093502,559.9277658,554.1448044,553.1039584,Middle East & North Africa,Lower middle income
Monaco,MCO,Energy use (kg of oil equivalent per capita),EG.USE.PCAP.KG.OE,,,,,,,,,,,,,,,,,,,,,,,,,,Europe & Central Asia,High income
Moldova,MDA,Energy use (kg of oil equivalent per capita),EG.USE.PCAP.KG.OE,2676.53869,2227.542387,1847.259039,1647.320994,1378.971011,1283.796437,1105.569139,1059.243207,978.2269819,854.296448,792.1033456,840.4502099,854.418721,930.0288358,936.9660192,972.7407782,962.3924296,938.5967218,936.9094716,891.029402,984.6251241,969.6765661,959.5383534,862.6581606,928.3347725,Europe & Central Asia,Lower middle income
Madagascar,MDG,Energy use (kg of oil equivalent per capita),EG.USE.PCAP.KG.OE,,,,,,,,,,,,,,,,,,,,,,,,,,Sub-Saharan Africa,Low income
Maldives,MDV,Energy use (kg of oil equivalent per capita),EG.USE.PCAP.KG.OE,228.0175615,,,,,,,,,,,,,,805.3526962,705.6919545,879.7358349,889.6955991,,,,,,,,South Asia,Upper middle income
Mexico,MEX,Energy use (kg of oil equivalent per capita),EG.USE.PCAP.KG.OE,1448.968363,1491.302896,1474.000541,1469.468613,1474.087108,1401.229536,1407.545547,1456.876383,1474.174242,1494.359479,1474.592344,1506.720352,1495.442583,1565.077651,1562.085315,1646.774813,1659.516347,1622.971122,1580.662138,1557.400198,1489.637449,1541.834073,1586.612978,1567.683404,1513.259208,Latin America & Caribbean,Upper middle income
Marshall Islands,MHL,Energy use (kg of oil equivalent per capita),EG.USE.PCAP.KG.OE,,,,,,,,,,,,,,,556.8997964,557.1030641,576.0589884,613.7675739,,,,,,,,East Asia & Pacific,Upper middle income
"Macedonia, FYR",MKD,Energy use (kg of oil equivalent per capita),EG.USE.PCAP.KG.OE,1240.934903,1217.815464,1358.179054,1397.641566,1248.190067,1260.427823,1485.085021,1343.626897,1435.867374,1338.703335,1311.028647,1261.306063,1233.481606,1358.538852,1335.124088,1359.378276,1421.321817,1464.693545,1461.053566,1360.634829,1390.534007,1506.138103,1427.790067,1301.026285,1262.556589,Europe & Central Asia,Upper middle income
Mali,MLI,Energy use (kg of oil equivalent per capita),EG.USE.PCAP.KG.OE,,,,,,,,,,,,,,,,,,,,,,,,,,Sub-Saharan Africa,Low income
Malta,MLT,Energy use (kg of oil equivalent per capita),EG.USE.PCAP.KG.OE,1961.642714,1846.50057,1807.05787,2289.021513,2056.3425,1879.094587,1836.669694,2047.422745,1792.827165,1943.425581,1731.708568,2001.335783,1851.91265,2071.498462,2066.583929,2181.143737,2055.686046,2156.555797,2043.526903,1887.203408,2012.315806,1993.328817,2090.393974,1803.210108,1781.504425,Middle East & North Africa,High income
Myanmar,MMR,Energy use (kg of oil equivalent per capita),EG.USE.PCAP.KG.OE,262.8697209,254.9508431,259.5763779,254.4545721,267.3047245,273.1132293,270.163251,272.2453646,275.9707504,273.4085963,278.6006787,269.145162,275.2126528,295.4626209,308.812029,307.2458098,309.2750154,318.7690346,305.3896066,287.4631054,279.5506235,283.3469075,307.0757299,322.886268,371.8689107,East Asia & Pacific,Lower middle income
Montenegro,MNE,Energy use (kg of oil equivalent per capita),EG.USE.PCAP.KG.OE,,,,,,,,,,,,,,,,1745.974431,1913.556359,1927.978892,2067.967759,1646.312272,1898.288421,1815.529957,1711.797113,1580.418443,1538.2641,Europe & Central Asia,Upper middle income
Mongolia,MNG,Energy use (kg of oil equivalent per capita),EG.USE.PCAP.KG.OE,1560.47973,1720.318785,1488.640081,1380.192648,1184.477412,1172.643284,979.818844,951.8511621,951.3459473,944.3926803,999.6462888,997.9208819,1058.097304,1022.720738,1041.512204,1185.671493,1332.323304,1377.576235,1363.628373,1395.334988,1453.34341,1562.005435,1695.903243,1833.078724,1838.239459,East Asia & Pacific,Lower middle income
Northern Mariana Islands,MNP,Energy use (kg of oil equivalent per capita),EG.USE.PCAP.KG.OE,,,,,,,,,,,,,,,,,,,,,,,,,,East Asia & Pacific,High income
Mozambique,MOZ,Energy use (kg of oil equivalent per capita),EG.USE.PCAP.KG.OE,447.0249778,433.6680408,424.2372256,415.8272924,404.1883562,398.773105,393.9846501,394.6979499,388.4893778,386.0558757,396.9892217,405.9798401,399.4435533,408.920545,412.2875314,405.7126894,405.7218708,410.9279778,406.8260363,409.7032048,411.2128095,415.4395494,411.0520292,413.5340155,427.5983631,Sub-Saharan Africa,Low income
Mauritania,MRT,Energy use (kg of oil equivalent per capita),EG.USE.PCAP.KG.OE,,,,,,,,,,,,,,,,,,,,,,,,,,Sub-Saharan Africa,Lower middle income
Mauritius,MUS,Energy use (kg of oil equivalent per capita),EG.USE.PCAP.KG.OE,629.3820689,634.4217232,657.7868229,678.8414889,657.6237862,697.0039832,702.2343994,712.571977,750.4431581,775.3744468,851.2216556,886.763795,873.1958018,909.0631877,919.7979039,945.7237672,1006.501642,1007.574841,1027.174206,999.4869447,1053.452495,1053.50989,1067.780253,1094.72587,1111.422168,Sub-Saharan Africa,Upper middle income
Malawi,MWI,Energy use (kg of oil equivalent per capita),EG.USE.PCAP.KG.OE,,,,,,,,,,,,,,,,,,,,,,,,,,Sub-Saharan Africa,Low income
Malaysia,MYS,Energy use (kg of oil equivalent per capita),EG.USE.PCAP.KG.OE,1210.396799,1453.77975,1562.130708,1647.42146,1598.624379,1686.693391,1819.561714,2064.468539,1913.802333,1892.219272,2108.600559,2146.888842,2173.296366,2282.251198,2407.062947,2561.608375,2527.964854,2718.084065,2790.464035,2603.932972,2610.309534,2672.128164,2669.140585,2955.791557,2967.541304,East Asia & Pacific,Upper middle income
Namibia,NAM,Energy use (kg of oil equivalent per capita),EG.USE.PCAP.KG.OE,,473.8821346,488.3522129,510.1324822,533.7520336,567.3343365,591.214476,586.3209312,594.3539203,577.1850152,536.9010092,625.2707391,570.424642,587.1892516,608.7104102,652.311096,645.9862998,657.0576201,690.9866477,693.3482761,707.9413944,716.8947216,727.0353288,749.7440126,761.6149696,Sub-Saharan Africa,Upper middle income
New Caledonia,NCL,Energy use (kg of oil equivalent per capita),EG.USE.PCAP.KG.OE,,,,,,,,,,,,,,,,,,,,,,,,,,East Asia & Pacific,High income
Niger,NER,Energy use (kg of oil equivalent per capita),EG.USE.PCAP.KG.OE,,,,,,,,,,,129.4051347,128.4926167,128.66244,129.5780078,130.6483151,127.2863011,125.7917456,126.7980735,127.8788327,130.5533298,135.6732774,113.4226947,128.3667371,155.6293339,150.7341231,Sub-Saharan Africa,Low income
Nigeria,NGA,Energy use (kg of oil equivalent per capita),EG.USE.PCAP.KG.OE,697.192079,712.2481627,721.9703508,715.4377996,680.710066,682.2695813,693.778301,699.6506998,687.1179161,694.1712967,703.2447175,720.047237,724.6112534,746.612206,748.3413177,757.9586631,744.5452271,750.7831193,752.8597869,721.4533582,755.9891516,778.4993881,798.3031153,779.8515426,763.3913679,Sub-Saharan Africa,Lower middle income
Nicaragua,NIC,Energy use (kg of oil equivalent per capita),EG.USE.PCAP.KG.OE,487.1676521,505.7124467,509.8394769,490.8891289,485.7809312,489.8038432,489.415265,503.0447245,497.2199097,496.1920617,500.64375,497.6897515,508.7407821,513.8008338,530.303484,531.9329849,520.1134415,521.8722712,520.8708329,517.2662316,515.2129163,526.604819,559.2718391,591.8795401,609.0071212,Latin America & Caribbean,Lower middle income
Netherlands,NLD,Energy use (kg of oil equivalent per capita),EG.USE.PCAP.KG.OE,4394.54209,4603.733175,4502.54008,4510.582152,4511.794963,4780.412596,5014.98883,4835.741945,4842.443938,4730.229683,4739.065925,4839.46553,4873.261626,5020.381932,5085.885701,4989.46793,4925.112417,4908.898261,4848.01369,4722.106039,5025.320916,4636.701904,4646.255241,4600.182976,4325.523712,Europe & Central Asia,High income
Norway,NOR,Energy use (kg of oil equivalent per capita),EG.USE.PCAP.KG.OE,4966.893577,5105.108205,5159.648619,5459.623408,5315.24487,5391.414081,5202.047275,5475.188739,5684.788594,5913.302209,5826.077769,5954.041771,5501.117744,5933.215841,5769.326707,5802.71629,5833.773935,5862.217261,6752.708982,6484.118585,6934.590199,5649.697724,5906.141048,6415.990714,5595.654625,Europe & Central Asia,High income
Nepal,NPL,Energy use (kg of oil equivalent per capita),EG.USE.PCAP.KG.OE,308.7654084,310.5564162,309.6165972,309.2311345,311.8230442,313.6839384,313.7912192,316.8993046,318.4957936,329.5370281,341.5081671,346.6045151,344.6766718,348.9683204,348.9786364,356.1434394,351.9955847,355.0679125,363.8664944,370.9151788,377.8467319,386.7382131,365.362293,401.3713981,412.724483,South Asia,Low income
Nauru,NRU,Energy use (kg of oil equivalent per capita),EG.USE.PCAP.KG.OE,,,,,,,,,,,,,,,,,,,,,,,,,,East Asia & Pacific,Upper middle income
New Zealand,NZL,Energy use (kg of oil equivalent per capita),EG.USE.PCAP.KG.OE,3854.366028,3763.814483,3808.477221,3967.87134,4055.200552,4053.690586,4131.236334,4258.756777,4162.869201,4307.930432,4430.227856,4407.618864,4337.380524,4197.593862,4239.645749,4095.143085,4047.318023,4054.495004,4082.723367,4073.238042,4225.094582,4177.025547,4357.809714,4360.305936,4559.892232,East Asia & Pacific,High income
Oman,OMN,Energy use (kg of oil equivalent per capita),EG.USE.PCAP.KG.OE,2328.297722,3083.719732,2751.751772,2863.382801,2811.083732,2767.63147,2803.862982,2998.061138,3016.57552,3122.251009,3337.282203,3345.711388,3458.453873,3606.033736,3602.624562,3944.380311,5973.860149,6646.337149,5673.570341,5486.31294,6154.424191,6800.141045,6832.832753,6583.463582,6141.773197,Middle East & North Africa,High income
Pakistan,PAK,Energy use (kg of oil equivalent per capita),EG.USE.PCAP.KG.OE,398.405481,397.2694315,411.9303664,421.7290069,427.9854139,435.8736088,447.3937043,448.0860414,446.8247226,460.8049621,462.4698873,459.7973889,455.1508075,465.9840297,489.3707467,497.120431,507.3739962,523.7634649,504.5500706,501.6978253,498.4769482,491.7777217,487.0444964,488.4269635,484.4452184,South Asia,Lower middle income
Panama,PAN,Energy use (kg of oil equivalent per capita),EG.USE.PCAP.KG.OE,603.3478632,640.5343097,715.1925957,710.7121724,733.2063425,728.8626981,763.3088061,777.4148099,883.4835911,853.5768581,847.7567091,942.6391178,840.2960691,825.5485679,799.2761063,875.0558856,918.0319024,882.4824317,869.0048654,942.1624106,990.5278899,1056.098498,1071.563858,1034.762882,1079.130151,Latin America & Caribbean,High income
Peru,PER,Energy use (kg of oil equivalent per capita),EG.USE.PCAP.KG.OE,445.9805528,428.5221087,408.4331322,427.60889,434.8011859,456.3957958,462.3251008,440.5580269,456.559645,479.5172968,471.6081445,449.1412727,446.3407601,432.0278488,472.0662714,494.1876271,474.0111107,506.6715739,524.9324942,543.4843093,635.49159,638.4424739,677.9690657,666.4327772,767.6895114,Latin America & Caribbean,Upper middle income
Philippines,PHL,Energy use (kg of oil equivalent per capita),EG.USE.PCAP.KG.OE,463.4430355,451.4000883,460.5701446,449.3518681,470.3355827,481.4414945,486.6743124,500.837832,504.0057531,506.2313217,512.7483331,480.6504186,477.1186741,468.6599571,458.0782868,450.3500854,439.2396447,432.8067589,441.9199257,414.0776624,431.0102538,426.8219905,446.5388715,454.8566571,476.2447245,East Asia & Pacific,Lower middle income
Palau,PLW,Energy use (kg of oil equivalent per capita),EG.USE.PCAP.KG.OE,4868.947243,,,,,,,,,,,,,,,,,,,,,,,,,East Asia & Pacific,High income
Papua New Guinea,PNG,Energy use (kg of oil equivalent per capita),EG.USE.PCAP.KG.OE,,,,,,,,,,,,,,,,,,,,,,,,,,East Asia & Pacific,Lower middle income
Poland,POL,Energy use (kg of oil equivalent per capita),EG.USE.PCAP.KG.OE,2705.608743,2641.029448,2569.175335,2624.648843,2496.172708,2577.529684,2680.10207,2643.123536,2459.83454,2396.692124,2320.376718,2336.445838,2314.20258,2375.006131,2383.05568,2414.16179,2536.978045,2527.408412,2564.775642,2466.524041,2640.238911,2653.403657,2566.574313,2565.670456,2473.406883,Europe & Central Asia,High income
Puerto Rico,PRI,Energy use (kg of oil equivalent per capita),EG.USE.PCAP.KG.OE,,,,,,,,,,,,,,,,,,,,,,,,,,Latin America & Caribbean,High income
Portugal,PRT,Energy use (kg of oil equivalent per capita),EG.USE.PCAP.KG.OE,1680.962391,1703.316438,1813.885846,1786.451941,1827.696673,2014.0205,1986.836971,2083.487676,2240.067318,2390.494731,2390.097939,2391.228193,2477.48975,2400.765918,2462.985059,2519.004925,2390.324614,2402.426395,2337.271387,2304.026675,2222.629692,2163.982113,2039.011896,2057.86133,2034.51263,Europe & Central Asia,High income
Paraguay,PRY,Energy use (kg of oil equivalent per capita),EG.USE.PCAP.KG.OE,729.219302,733.7247682,712.6916649,722.2271639,770.8220953,824.5582196,824.7623439,877.0452402,847.183017,791.6457329,726.2703906,724.9627494,705.4342737,707.1464617,701.889988,683.2006038,693.5679905,708.7829875,732.8841165,732.6903441,774.2206488,774.703227,783.3283353,764.1290865,788.6896223,Latin America & Caribbean,Upper middle income
West Bank and Gaza,PSE,Energy use (kg of oil equivalent per capita),EG.USE.PCAP.KG.OE,,,,,,,,,,,,,,,,,,,,,,,,,,Middle East & North Africa,Lower middle income
French Polynesia,PYF,Energy use (kg of oil equivalent per capita),EG.USE.PCAP.KG.OE,,,,,,,,,,,,,,,,,,,,,,,,,,East Asia & Pacific,High income
Qatar,QAT,Energy use (kg of oil equivalent per capita),EG.USE.PCAP.KG.OE,13698.28627,14814.29196,15239.44688,15621.9979,15509.50019,15870.8397,16555.07138,19031.75411,19388.47992,19875.20876,18438.15036,19562.26434,21142.15244,20523.32316,21959.43626,19268.69458,19389.46557,18607.43355,16371.35277,15233.91921,15531.77601,16030.60725,18055.61139,17926.71807,18562.66691,Middle East & North Africa,High income
Romania,ROU,Energy use (kg of oil equivalent per capita),EG.USE.PCAP.KG.OE,2683.178895,2231.806142,2052.962927,2003.715677,1892.681507,2053.942093,2109.772429,1989.994182,1823.459178,1613.782327,1614.209768,1663.739288,1755.130026,1832.278607,1803.463242,1810.327263,1884.545121,1904.096886,1928.966361,1712.526096,1730.087676,1777.106154,1741.722606,1595.98939,1591.667659,Europe & Central Asia,Upper middle income
Russian Federation,RUS,Energy use (kg of oil equivalent per capita),EG.USE.PCAP.KG.OE,5928.660986,5861.15803,5351.077074,5057.778845,4428.814206,4290.695231,4252.614116,4069.688778,3981.501949,4136.761934,4224.286188,4288.394353,4288.207161,4461.316454,4493.695387,4540.917363,4688.394596,4709.845744,4823.126535,4531.286685,4819.041423,5049.428043,5167.011977,5078.629314,4942.875517,Europe & Central Asia,Upper middle income
Rwanda,RWA,Energy use (kg of oil equivalent per capita),EG.USE.PCAP.KG.OE,,,,,,,,,,,,,,,,,,,,,,,,,,Sub-Saharan Africa,Low income
Saudi Arabia,SAU,Energy use (kg of oil equivalent per capita),EG.USE.PCAP.KG.OE,3552.714292,4002.95201,4426.463906,4471.446073,4588.954344,4510.416639,4728.228168,4422.53651,4623.704474,4611.619773,4712.743673,4715.132077,5078.498896,4990.770124,5157.480362,5126.341367,5525.01843,5556.713378,6034.523262,6250.328114,6763.336882,6307.892055,6888.066388,6417.917148,6937.230677,Middle East & North Africa,High income
Sudan,SDN,Energy use (kg of oil equivalent per capita),EG.USE.PCAP.KG.OE,412.4554916,399.4305748,386.7289756,363.6478711,408.2857249,397.3868941,395.198484,392.2949236,385.6865707,416.3745521,382.6431125,389.6232347,411.1375052,388.4587308,377.3984588,373.629041,389.9966343,366.495542,361.9452724,364.0554861,361.8942782,351.2109591,379.7261751,379.8266887,380.8738409,Sub-Saharan Africa,Lower middle income
Senegal,SEN,Energy use (kg of oil equivalent per capita),EG.USE.PCAP.KG.OE,223.1976555,214.8509054,221.5536647,214.3291301,206.87338,213.2066998,212.8203268,220.2045163,227.0405365,233.7112844,242.5980762,255.7338564,253.1349606,239.6180673,249.7508202,248.1185673,242.1749931,252.8930463,256.8410393,299.5212222,296.6227217,305.012439,293.7161442,262.8659266,272.0820018,Sub-Saharan Africa,Low income
Singapore,SGP,Energy use (kg of oil equivalent per capita),EG.USE.PCAP.KG.OE,3782.720276,4167.365585,4588.845506,5487.608915,6460.481982,5346.875562,5359.409803,5818.349026,5083.249623,4587.493492,4634.72585,5145.885754,5065.984507,6216.739177,7370.652877,5055.96632,5264.398658,4677.204306,5094.135714,4257.776277,5006.620992,5069.171794,4898.330465,4880.40607,5121.804318,East Asia & Pacific,High income
Solomon Islands,SLB,Energy use (kg of oil equivalent per capita),EG.USE.PCAP.KG.OE,170.9594664,,,,,,,,,,,,,,126.5480315,123.4344574,122.5536016,129.8332454,,,,,,,,East Asia & Pacific,Lower middle income
Sierra Leone,SLE,Energy use (kg of oil equivalent per capita),EG.USE.PCAP.KG.OE,,,,,,,,,,,,,,,,,,,,,,,,,,Sub-Saharan Africa,Low income
El Salvador,SLV,Energy use (kg of oil equivalent per capita),EG.USE.PCAP.KG.OE,469.7846844,509.5751425,524.6569145,544.8428937,569.6712952,598.6011693,565.9530054,620.2335819,632.3920961,650.9612481,676.1056345,702.7568074,712.3495216,739.7293996,730.1328578,747.6566858,781.6564346,736.1838423,736.0769952,686.3967011,689.4299833,692.9505729,679.1440171,638.1309076,647.3096097,Latin America & Caribbean,Lower middle income
San Marino,SMR,Energy use (kg of oil equivalent per capita),EG.USE.PCAP.KG.OE,,,,,,,,,,,,,,,,,,,,,,,,,,Europe & Central Asia,High income
Somalia,SOM,Energy use (kg of oil equivalent per capita),EG.USE.PCAP.KG.OE,,,,,,,,,,,,,,,,,,,,,,,,,,Sub-Saharan Africa,Low income
Serbia,SRB,Energy use (kg of oil equivalent per capita),EG.USE.PCAP.KG.OE,2598.79304,2201.633412,2020.153735,1714.978114,1565.282103,1808.665745,2175.794594,2299.904259,2302.983782,1686.92925,1826.357648,1994.463468,2119.78208,2223.783121,2424.404444,2159.573829,2300.733353,2248.155036,2289.995459,2070.229279,2141.055205,2237.461224,2020.395115,2080.972545,1859.428888,Europe & Central Asia,Upper middle income
South Sudan,SSD,Energy use (kg of oil equivalent per capita),EG.USE.PCAP.KG.OE,,,,,,,,,,,,,,,,,,,,,,,59.52279933,60.58157959,60.72619556,Sub-Saharan Africa,Low income
Suriname,SUR,Energy use (kg of oil equivalent per capita),EG.USE.PCAP.KG.OE,,,,,,,,,,,1335.087534,1413.622472,977.0041653,1031.017832,1117.535401,1266.798411,1191.232721,1115.131301,1165.406835,1158.00038,1363.432636,1314.365045,1451.583293,1275.319792,1259.490298,Latin America & Caribbean,Upper middle income
Slovak Republic,SVK,Energy use (kg of oil equivalent per capita),EG.USE.PCAP.KG.OE,4024.669067,3606.582437,3410.727885,3334.794345,3260.631824,3315.047989,3364.258794,3361.884022,3256.502531,3271.413931,3292.609005,3456.705473,3483.867506,3468.783673,3416.24785,3504.475593,3469.291394,3320.454722,3405.692968,3106.686165,3306.805544,3213.949767,3080.725034,3130.926574,2943.18916,Europe & Central Asia,High income
Slovenia,SVN,Energy use (kg of oil equivalent per capita),EG.USE.PCAP.KG.OE,2857.564531,2778.95039,2584.335171,2715.389914,2827.917161,3049.386594,3180.206152,3310.400633,3253.808861,3242.486177,3224.379501,3381.112015,3424.452879,3463.52493,3571.194865,3645.837437,3648.982893,3632.565326,3836.621785,3496.229535,3579.072461,3567.983036,3424.040145,3330.990076,3236.236045,Europe & Central Asia,High income
Sweden,SWE,Energy use (kg of oil equivalent per capita),EG.USE.PCAP.KG.OE,5514.55753,5650.541377,5369.370357,5334.166498,5660.271423,5702.165043,5825.097913,5672.008177,5769.695064,5661.491459,5360.145147,5680.280487,5802.110105,5650.43805,5847.344163,5711.127283,5529.077953,5472.135392,5379.959103,4883.20049,5427.925046,5274.643613,5269.485998,5146.53359,4966.435921,Europe & Central Asia,High income
Swaziland,SWZ,Energy use (kg of oil equivalent per capita),EG.USE.PCAP.KG.OE,358.4959418,,,,,,,,,,,,,,370.7583103,360.8009238,362.3337147,371.5630419,,,,,,,,Sub-Saharan Africa,Lower middle income
Sint Maarten (Dutch part),SXM,Energy use (kg of oil equivalent per capita),EG.USE.PCAP.KG.OE,,,,,,,,,,,,,,,,,,,,,,,,,,Latin America & Caribbean,High income
Seychelles,SYC,Energy use (kg of oil equivalent per capita),EG.USE.PCAP.KG.OE,540.8088394,,,,,,,,,,,,,,3103.9709,2751.695672,2872.340426,2410.828737,,,,,,,,Sub-Saharan Africa,High income
Syrian Arab Republic,SYR,Energy use (kg of oil equivalent per capita),EG.USE.PCAP.KG.OE,840.8455098,889.7357119,827.2187523,808.2731509,820.0390302,843.3330833,865.6753248,913.8041316,990.5490312,960.706457,940.8858701,944.7569285,963.2417697,949.882936,970.9179801,1136.499431,1143.509083,1153.211976,1136.533359,1032.009672,1030.496173,953.4096374,726.9747988,587.4364264,562.5354045,Middle East & North Africa,Low income
Turks and Caicos Islands,TCA,Energy use (kg of oil equivalent per capita),EG.USE.PCAP.KG.OE,,,,,,,,,,,,,,,,,,,,,,,,,,Latin America & Caribbean,High income
Chad,TCD,Energy use (kg of oil equivalent per capita),EG.USE.PCAP.KG.OE,,,,,,,,,,,,,,,,,,,,,,,,,,Sub-Saharan Africa,Low income
Togo,TGO,Energy use (kg of oil equivalent per capita),EG.USE.PCAP.KG.OE,333.578034,333.2667915,329.6109281,323.7067538,357.3998437,366.4593367,399.2905795,381.6993127,395.4039123,438.3271332,424.6640137,411.9408737,415.2285302,427.1173671,420.4509524,417.3223927,405.4264009,409.6782181,415.7263564,492.1645653,479.0499761,469.0903903,455.2819003,455.3280814,456.6742035,Sub-Saharan Africa,Low income
Thailand,THA,Energy use (kg of oil equivalent per capita),EG.USE.PCAP.KG.OE,741.2827119,795.4800554,839.0327356,877.3476678,961.3225371,1040.882313,1151.116834,1158.85033,1073.620487,1133.144935,1148.151417,1170.668398,1283.851442,1380.392739,1481.414599,1513.255342,1533.724439,1589.750409,1624.468441,1610.321449,1753.343029,1742.937338,1860.097607,1991.635583,1969.633659,East Asia & Pacific,Upper middle income
Tajikistan,TJK,Energy use (kg of oil equivalent per capita),EG.USE.PCAP.KG.OE,1004.546411,938.9004861,752.8978865,579.9161404,438.0597877,385.9826822,367.2502453,360.7866967,373.789688,366.0526132,345.6549454,335.1920501,329.9436945,329.6446018,349.2749195,341.4118634,344.6661459,360.553298,335.6932023,285.3415826,284.7516826,279.1971903,293.5274298,318.0784731,335.3854506,Europe & Central Asia,Low income
Turkmenistan,TKM,Energy use (kg of oil equivalent per capita),EG.USE.PCAP.KG.OE,4755.073472,4011.469221,2662.351792,2616.742242,3233.111038,3253.808843,2789.906292,2750.017795,2838.132837,3320.76459,3294.770457,3321.979676,3431.576819,3788.408118,3915.202796,4032.960428,4082.802558,4594.933366,4587.456405,3970.28904,4459.2478,4769.832053,4847.812167,4883.235435,4893.487499,Europe & Central Asia,Upper middle income
Timor-Leste,TLS,Energy use (kg of oil equivalent per capita),EG.USE.PCAP.KG.OE,,,,,,,,,,,,,,,58.19215048,56.50355972,56.26437006,57.27844743,,,,,,,,East Asia & Pacific,Lower middle income
Tonga,TON,Energy use (kg of oil equivalent per capita),EG.USE.PCAP.KG.OE,266.3664204,,,,,,,,,,,,,,567.6951577,564.1274334,560.5326043,566.6441963,,,,,,,,East Asia & Pacific,Upper middle income
Trinidad and Tobago,TTO,Energy use (kg of oil equivalent per capita),EG.USE.PCAP.KG.OE,4900.006547,4838.271512,5286.282603,5030.995486,5036.347553,4899.904462,5779.262598,5437.908808,6304.78194,7348.544998,7759.753278,8635.762901,9356.802941,10413.69275,10876.63721,12426.38793,13798.83727,14608.00987,14117.1889,14203.1525,15109.18756,14791.36387,14346.84046,14537.4842,14446.74945,Latin America & Caribbean,High income
Tunisia,TUN,Energy use (kg of oil equivalent per capita),EG.USE.PCAP.KG.OE,600.8810857,581.9977324,633.2380009,603.6105412,639.868316,636.8596578,655.4719909,666.8319098,717.9846717,734.0812571,753.2489545,787.9993472,792.1106825,807.6302874,844.7863915,823.0081479,858.3374133,877.7161234,905.7954889,870.3647102,966.3343681,911.9072706,940.9794622,945.356954,943.6070362,Middle East & North Africa,Lower middle income
Turkey,TUR,Energy use (kg of oil equivalent per capita),EG.USE.PCAP.KG.OE,977.6642424,947.7563045,961.9322363,1004.13715,976.4889532,1052.699705,1126.18203,1166.228816,1169.881961,1131.092351,1201.087297,1094.197712,1139.392452,1178.443863,1204.721939,1240.166421,1354.67707,1436.844738,1401.349136,1370.788494,1474.669692,1546.203319,1585.400239,1542.968242,1577.827978,Europe & Central Asia,Upper middle income
Tuvalu,TUV,Energy use (kg of oil equivalent per capita),EG.USE.PCAP.KG.OE,,,,,,,,,,,,,,,,,,,,,,,,,,East Asia & Pacific,Upper middle income
Tanzania,TZA,Energy use (kg of oil equivalent per capita),EG.USE.PCAP.KG.OE,382.2988763,377.4535851,369.6209708,367.1061348,361.8651687,367.8806917,362.1445175,356.1152399,369.6739522,383.0763011,393.8781806,404.8311732,413.7265395,417.9896876,430.49835,437.5238911,439.6154512,441.1719,441.8720215,440.1066034,448.2209445,459.1589623,472.2858916,474.3515436,475.4269605,Sub-Saharan Africa,Low income
Uganda,UGA,Energy use (kg of oil equivalent per capita),EG.USE.PCAP.KG.OE,,,,,,,,,,,,,,,,,,,,,,,,,,Sub-Saharan Africa,Low income
Ukraine,UKR,Energy use (kg of oil equivalent per capita),EG.USE.PCAP.KG.OE,4856.585851,4852.502987,4209.621615,3728.583012,3192.737064,3177.813399,2937.27091,2836.207598,2706.135132,2718.99127,2720.724287,2754.423668,2813.159691,3025.135471,3031.499549,3033.183675,2935.292315,2996.21074,2910.660899,2487.036282,2886.994574,2768.924126,2687.058515,2553.116515,2334.407199,Europe & Central Asia,Lower middle income
Uruguay,URY,Energy use (kg of oil equivalent per capita),EG.USE.PCAP.KG.OE,723.8459686,779.4160374,855.124245,792.1618046,751.147783,797.5669219,872.903771,880.6347275,900.5883107,977.9054174,930.9427639,814.9958087,762.6974556,758.6450355,863.1011258,889.2068588,955.4580953,947.8411649,1239.440508,1228.186413,1211.183272,1305.022649,1365.207372,1350.434638,1378.273607,Latin America & Caribbean,High income
United States,USA,Energy use (kg of oil equivalent per capita),EG.USE.PCAP.KG.OE,7671.773066,7631.467806,7677.401401,7709.496589,7757.830822,7763.755106,7844.468266,7828.581096,7803.697605,7923.223893,8056.86385,7827.886325,7843.344849,7794.23553,7881.578642,7846.499688,7697.652535,7758.165986,7488.081921,7056.783653,7161.165457,7028.58312,6869.497054,6901.786818,6955.524017,North America,High income
Uzbekistan,UZB,Energy use (kg of oil equivalent per capita),EG.USE.PCAP.KG.OE,2260.766943,2294.824122,2110.495548,2146.183119,2082.15288,1876.040597,1903.222174,1899.613766,2077.574238,2110.54877,2063.585378,2050.219172,2109.31946,2015.767308,1964.132097,1799.40318,1815.949789,1777.914768,1823.311821,1591.991076,1512.821507,1613.810098,1625.988144,1419.477767,,Europe & Central Asia,Lower middle income
St. Vincent and the Grenadines,VCT,Energy use (kg of oil equivalent per capita),EG.USE.PCAP.KG.OE,273.7910051,,,,,,,,,,,,,,607.9643328,616.1259472,642.7502364,641.9250415,,,,,,,,Latin America & Caribbean,Upper middle income
"Venezuela, RB",VEN,Energy use (kg of oil equivalent per capita),EG.USE.PCAP.KG.OE,1993.133003,2033.667831,2223.709901,2025.740657,2298.02868,2110.947449,2204.173783,2150.671016,2220.398275,2076.402004,2093.754375,2126.762933,2266.51576,2047.27251,2142.998056,2102.16665,2302.793536,2095.111416,2305.696447,2274.512867,2493.466402,2280.727906,2444.104221,2268.055965,,Latin America & Caribbean,Upper middle income
British Virgin Islands,VGB,Energy use (kg of oil equivalent per capita),EG.USE.PCAP.KG.OE,,,,,,,,,,,,,,,,,,,,,,,,,,Latin America & Caribbean,High income
Virgin Islands (U.S.),VIR,Energy use (kg of oil equivalent per capita),EG.USE.PCAP.KG.OE,,,,,,,,,,,,,,,,,,,,,,,,,,Latin America & Caribbean,High income
Vietnam,VNM,Energy use (kg of oil equivalent per capita),EG.USE.PCAP.KG.OE,261.928551,259.9153374,265.7256707,282.6323087,277.6130164,291.031007,302.6237157,321.5547142,338.3101328,344.0415832,357.9229974,377.687572,408.0381133,424.3107437,466.524689,489.2931931,496.755206,529.5739798,560.9076858,605.9839475,665.8783352,658.3709693,662.5290192,654.9628748,,East Asia & Pacific,Lower middle income
Vanuatu,VUT,Energy use (kg of oil equivalent per capita),EG.USE.PCAP.KG.OE,158.9948034,,,,,,,,,,,,,,146.9558104,143.2870039,144.4319167,159.124904,,,,,,,,East Asia & Pacific,Lower middle income
Samoa,WSM,Energy use (kg of oil equivalent per capita),EG.USE.PCAP.KG.OE,265.4724743,,,,,,,,,,,,,,313.2323905,316.7916234,314.7536638,318.1813195,,,,,,,,East Asia & Pacific,Upper middle income
Kosovo,XKX,Energy use (kg of oil equivalent per capita),EG.USE.PCAP.KG.OE,,,,,,,,,,,908.6088235,1117.872926,1112.34734,1170.289281,1176.064254,1140.686958,1143.458468,1179.568641,1267.742103,1381.957383,1405.040886,1411.47292,1311.783736,1292.442849,1213.283566,Europe & Central Asia,Lower middle income
"Yemen, Rep.",YEM,Energy use (kg of oil equivalent per capita),EG.USE.PCAP.KG.OE,208.4627909,241.5843667,250.7118825,206.3082466,205.4993893,223.0528947,219.5899304,225.9438962,234.4466007,257.2876502,265.5583792,286.2846303,269.5666128,291.1508561,308.9726727,320.0408766,333.2683854,317.2742885,325.5179246,351.4856129,331.7845268,272.7399726,240.1515634,323.1730895,,Middle East & North Africa,Low income
South Africa,ZAF,Energy use (kg of oil equivalent per capita),EG.USE.PCAP.KG.OE,2421.586599,2471.021497,2250.649075,2355.770961,2381.635527,2460.158551,2466.510033,2489.169143,2433.052995,2424.933368,2384.548086,2417.852592,2339.763072,2469.205547,2662.483456,2626.981372,2579.245622,2732.917941,2913.130072,2824.464363,2748.363501,2703.178887,2628.44834,2598.95973,2695.733764,Sub-Saharan Africa,Upper middle income
Zambia,ZMB,Energy use (kg of oil equivalent per capita),EG.USE.PCAP.KG.OE,678.851657,679.5773212,672.4998891,656.3560655,644.0520232,637.8403071,615.093678,623.4132699,611.6379893,595.3733669,593.4659428,595.7281535,599.6015075,603.1762083,604.1793779,607.6700302,604.6794245,588.6058702,592.4427234,590.0343308,593.755625,608.9117122,620.2623181,635.329544,,Sub-Saharan Africa,Lower middle income
Zimbabwe,ZWE,Energy use (kg of oil equivalent per capita),EG.USE.PCAP.KG.OE,913.0081342,943.7184162,952.6127253,892.7297658,869.4897197,869.3319974,850.801449,828.5453019,834.7594337,877.5915727,818.8795174,807.1698057,784.476812,742.3135554,717.1200244,743.1335564,750.1963348,723.9329241,661.3147841,661.5866553,671.4989447,712.5831735,734.8366434,749.6671096,,Sub-Saharan Africa,Low income
